{"rmse": [198372.8127951136, 175637.44889908607, 180301.47982311703, 180471.35148362909, 162125.2280133771], "r2": [0.743637869622213, 0.7699680861468009, 0.7511004058484647, 0.7348687019681235, 0.7655843787939833], "mae": [98876.7962984384, 94510.08993637942, 96098.02822440719, 93680.5036437247, 92233.20451127819]}