{"rmse": [197961.67444598424, 175666.83885400204, 178585.4347720074, 178387.69762623028, 159801.67665808438], "r2": [0.7446994170961236, 0.7698910958095116, 0.7558157339261149, 0.7409555706614003, 0.772255439597423], "mae": [96127.06093662401, 92476.65975033921, 94552.327894491, 90883.85660396786, 90149.92523682407]}